,Mean,95% LL,95% UL
ka,0.0008624145993962884,0.0006561446934938431,0.0010862114140763879
kns,0.00039022680721245706,0.00029653837555088103,0.00047619480756111443
Af,0.5214308500289917,0.35065314173698425,0.6776712536811829
ka_sp,0.0005886128055863082,0.0004401634505484253,0.0007290301728062332
kns_sp,5.84057743253652e-05,4.337320933700539e-05,7.390278187813237e-05
Af_sp,0.8879780769348145,0.8125591278076172,0.9615652561187744
